"Type","Group","SourcePage","SourceUrl","LocalPath"
"page","Home","https://www.catconnolly.com/","https://static.wixstatic.com/media/0fdef751204647a3bbd7eaa2827ed4f9.png","assets/images/shared/social-facebook.png"
"page","Home","https://www.catconnolly.com/","https://static.wixstatic.com/media/6ea5b4a88f0b4f91945b40499aa0af00.png","assets/images/shared/social-linkedin.png"
"page","Home","https://www.catconnolly.com/","https://static.wixstatic.com/media/aacaad_2cd757f15fe64a20ba32c2cbca6b9679~mv2.png","assets/images/branding/site-logo.png"
"page","Home","https://www.catconnolly.com/","https://static.wixstatic.com/media/aacaad_ec12c2267e9e4245b3b08d13c4c4df21~mv2_d_5568_3712_s_4_2.jpg","assets/images/home/aacaad_ec12c2267e9e4245b3b08d13c4c4df21~mv2_d_5568_3712_s_4_2.jpg"
"page","Home","https://www.catconnolly.com/","https://static.wixstatic.com/media/c7d035ba85f6486680c2facedecdcf4d.png","assets/images/shared/social-twitter.png"
"page","About","https://www.catconnolly.com/about","https://static.wixstatic.com/media/0fdef751204647a3bbd7eaa2827ed4f9.png","assets/images/shared/social-facebook.png"
"page","About","https://www.catconnolly.com/about","https://static.wixstatic.com/media/6ea5b4a88f0b4f91945b40499aa0af00.png","assets/images/shared/social-linkedin.png"
"page","About","https://www.catconnolly.com/about","https://static.wixstatic.com/media/aacaad_2cd757f15fe64a20ba32c2cbca6b9679~mv2.png","assets/images/branding/site-logo.png"
"page","About","https://www.catconnolly.com/about","https://static.wixstatic.com/media/c7d035ba85f6486680c2facedecdcf4d.png","assets/images/shared/social-twitter.png"
"page","Vocation","https://www.catconnolly.com/about-4","https://static.wixstatic.com/media/0fdef751204647a3bbd7eaa2827ed4f9.png","assets/images/shared/social-facebook.png"
"page","Vocation","https://www.catconnolly.com/about-4","https://static.wixstatic.com/media/6ea5b4a88f0b4f91945b40499aa0af00.png","assets/images/shared/social-linkedin.png"
"page","Vocation","https://www.catconnolly.com/about-4","https://static.wixstatic.com/media/aacaad_2cd757f15fe64a20ba32c2cbca6b9679~mv2.png","assets/images/branding/site-logo.png"
"page","Vocation","https://www.catconnolly.com/about-4","https://static.wixstatic.com/media/aacaad_b2632defb3604fe58c3a1a94b9060f78~mv2.jpg","assets/images/vocation/aacaad_b2632defb3604fe58c3a1a94b9060f78~mv2.jpg"
"page","Vocation","https://www.catconnolly.com/about-4","https://static.wixstatic.com/media/c7d035ba85f6486680c2facedecdcf4d.png","assets/images/shared/social-twitter.png"
"page","Courses","https://www.catconnolly.com/courses","https://static.wixstatic.com/media/0fdef751204647a3bbd7eaa2827ed4f9.png","assets/images/shared/social-facebook.png"
"page","Courses","https://www.catconnolly.com/courses","https://static.wixstatic.com/media/6ea5b4a88f0b4f91945b40499aa0af00.png","assets/images/shared/social-linkedin.png"
"page","Courses","https://www.catconnolly.com/courses","https://static.wixstatic.com/media/aacaad_2bbdbea665514a6a863ce232a398ba26~mv2.png","assets/images/courses/aacaad_2bbdbea665514a6a863ce232a398ba26~mv2.png"
"page","Courses","https://www.catconnolly.com/courses","https://static.wixstatic.com/media/aacaad_2cd757f15fe64a20ba32c2cbca6b9679~mv2.png","assets/images/branding/site-logo.png"
"page","Courses","https://www.catconnolly.com/courses","https://static.wixstatic.com/media/aacaad_ea16f945411644d6bae881e000959aa3~mv2.png","assets/images/courses/aacaad_ea16f945411644d6bae881e000959aa3~mv2.png"
"page","Courses","https://www.catconnolly.com/courses","https://static.wixstatic.com/media/c7d035ba85f6486680c2facedecdcf4d.png","assets/images/shared/social-twitter.png"
"page","Lent Course","https://www.catconnolly.com/lent-course","https://static.wixstatic.com/media/0fdef751204647a3bbd7eaa2827ed4f9.png","assets/images/shared/social-facebook.png"
"page","Lent Course","https://www.catconnolly.com/lent-course","https://static.wixstatic.com/media/6ea5b4a88f0b4f91945b40499aa0af00.png","assets/images/shared/social-linkedin.png"
"page","Lent Course","https://www.catconnolly.com/lent-course","https://static.wixstatic.com/media/a3c153_6f27754e06844d62a1708b316797fc08~mv2.jpg","assets/images/lent-course/a3c153_6f27754e06844d62a1708b316797fc08~mv2.jpg"
"page","Lent Course","https://www.catconnolly.com/lent-course","https://static.wixstatic.com/media/aacaad_232b0e0b518f4a57a9cfb242217692cc~mv2.png","assets/images/lent-course/aacaad_232b0e0b518f4a57a9cfb242217692cc~mv2.png"
"page","Lent Course","https://www.catconnolly.com/lent-course","https://static.wixstatic.com/media/aacaad_2cd757f15fe64a20ba32c2cbca6b9679~mv2.png","assets/images/branding/site-logo.png"
"page","Lent Course","https://www.catconnolly.com/lent-course","https://static.wixstatic.com/media/aacaad_3d7be58758fa431ba5060a5d650d302c~mv2.png","assets/images/lent-course/aacaad_3d7be58758fa431ba5060a5d650d302c~mv2.png"
"page","Lent Course","https://www.catconnolly.com/lent-course","https://static.wixstatic.com/media/aacaad_856e115100064491b7cb42c252202188~mv2.png","assets/images/lent-course/aacaad_856e115100064491b7cb42c252202188~mv2.png"
"page","Lent Course","https://www.catconnolly.com/lent-course","https://static.wixstatic.com/media/aacaad_d0ce08dc8f104b71a7d436a152f20a63~mv2.png","assets/images/lent-course/aacaad_d0ce08dc8f104b71a7d436a152f20a63~mv2.png"
"page","Lent Course","https://www.catconnolly.com/lent-course","https://static.wixstatic.com/media/aacaad_ea16f945411644d6bae881e000959aa3~mv2.png","assets/images/lent-course/aacaad_ea16f945411644d6bae881e000959aa3~mv2.png"
"page","Lent Course","https://www.catconnolly.com/lent-course","https://static.wixstatic.com/media/aacaad_fe13d3eb2d7d459f9f2649696da73974~mv2.png","assets/images/lent-course/aacaad_fe13d3eb2d7d459f9f2649696da73974~mv2.png"
"page","Lent Course","https://www.catconnolly.com/lent-course","https://static.wixstatic.com/media/c7d035ba85f6486680c2facedecdcf4d.png","assets/images/shared/social-twitter.png"
"page","Writings","https://www.catconnolly.com/writings","https://static.wixstatic.com/media/0fdef751204647a3bbd7eaa2827ed4f9.png","assets/images/shared/social-facebook.png"
"page","Writings","https://www.catconnolly.com/writings","https://static.wixstatic.com/media/6ea5b4a88f0b4f91945b40499aa0af00.png","assets/images/shared/social-linkedin.png"
"page","Writings","https://www.catconnolly.com/writings","https://static.wixstatic.com/media/aacaad_0c709531b707428cba3ae3221cf0ec16~mv2.jpg","assets/images/writings/aacaad_0c709531b707428cba3ae3221cf0ec16~mv2.jpg"
"page","Writings","https://www.catconnolly.com/writings","https://static.wixstatic.com/media/aacaad_0ec5e3b4bfe64809856b9ffac3f5210a~mv2.jpg","assets/images/writings/aacaad_0ec5e3b4bfe64809856b9ffac3f5210a~mv2.jpg"
"page","Writings","https://www.catconnolly.com/writings","https://static.wixstatic.com/media/aacaad_1253c0d79db04350ad65f02d292cd2e1~mv2.jpg","assets/images/writings/aacaad_1253c0d79db04350ad65f02d292cd2e1~mv2.jpg"
"page","Writings","https://www.catconnolly.com/writings","https://static.wixstatic.com/media/aacaad_1e49585db5ed47aea2eba1928985bfe0~mv2.png","assets/images/writings/aacaad_1e49585db5ed47aea2eba1928985bfe0~mv2.png"
"page","Writings","https://www.catconnolly.com/writings","https://static.wixstatic.com/media/aacaad_2cd757f15fe64a20ba32c2cbca6b9679~mv2.png","assets/images/branding/site-logo.png"
"page","Writings","https://www.catconnolly.com/writings","https://static.wixstatic.com/media/aacaad_51b13feac93d455e96bf39d34a5beb73~mv2.jpg","assets/images/writings/aacaad_51b13feac93d455e96bf39d34a5beb73~mv2.jpg"
"page","Writings","https://www.catconnolly.com/writings","https://static.wixstatic.com/media/aacaad_54832d6f94a74227bfeecdf3adb6eef3~mv2.jpg","assets/images/writings/aacaad_54832d6f94a74227bfeecdf3adb6eef3~mv2.jpg"
"page","Writings","https://www.catconnolly.com/writings","https://static.wixstatic.com/media/aacaad_637bc9054f344356931b3487aeac8030~mv2.jpg","assets/images/writings/aacaad_637bc9054f344356931b3487aeac8030~mv2.jpg"
"page","Writings","https://www.catconnolly.com/writings","https://static.wixstatic.com/media/aacaad_aace31e7a1d648f8b499deda6f803b57~mv2.png","assets/images/writings/aacaad_aace31e7a1d648f8b499deda6f803b57~mv2.png"
"page","Writings","https://www.catconnolly.com/writings","https://static.wixstatic.com/media/aacaad_d1612d78ec874f4dbd62d058e28634d0~mv2.png","assets/images/writings/aacaad_d1612d78ec874f4dbd62d058e28634d0~mv2.png"
"page","Writings","https://www.catconnolly.com/writings","https://static.wixstatic.com/media/aacaad_d163f3d80f224ae686d4d1c4c96d6b91~mv2.jpg","assets/images/writings/aacaad_d163f3d80f224ae686d4d1c4c96d6b91~mv2.jpg"
"page","Writings","https://www.catconnolly.com/writings","https://static.wixstatic.com/media/aacaad_e470de94155b41de89cffd6dc4d7851a~mv2.jpg","assets/images/writings/aacaad_e470de94155b41de89cffd6dc4d7851a~mv2.jpg"
"page","Writings","https://www.catconnolly.com/writings","https://static.wixstatic.com/media/c7d035ba85f6486680c2facedecdcf4d.png","assets/images/shared/social-twitter.png"
"page","Writings","https://www.catconnolly.com/writings/categories/essays","https://static.wixstatic.com/media/0fdef751204647a3bbd7eaa2827ed4f9.png","assets/images/shared/social-facebook.png"
"page","Writings","https://www.catconnolly.com/writings/categories/essays","https://static.wixstatic.com/media/6ea5b4a88f0b4f91945b40499aa0af00.png","assets/images/shared/social-linkedin.png"
"page","Writings","https://www.catconnolly.com/writings/categories/essays","https://static.wixstatic.com/media/aacaad_2cd757f15fe64a20ba32c2cbca6b9679~mv2.png","assets/images/branding/site-logo.png"
"page","Writings","https://www.catconnolly.com/writings/categories/essays","https://static.wixstatic.com/media/aacaad_84ba2b5e2bc345098a915c44140a9a7e~mv2.jpg","assets/images/writings/aacaad_84ba2b5e2bc345098a915c44140a9a7e~mv2.jpg"
"page","Writings","https://www.catconnolly.com/writings/categories/essays","https://static.wixstatic.com/media/c7d035ba85f6486680c2facedecdcf4d.png","assets/images/shared/social-twitter.png"
"page","Writings","https://www.catconnolly.com/writings/categories/poetry","https://static.wixstatic.com/media/0fdef751204647a3bbd7eaa2827ed4f9.png","assets/images/shared/social-facebook.png"
"page","Writings","https://www.catconnolly.com/writings/categories/poetry","https://static.wixstatic.com/media/6ea5b4a88f0b4f91945b40499aa0af00.png","assets/images/shared/social-linkedin.png"
"page","Writings","https://www.catconnolly.com/writings/categories/poetry","https://static.wixstatic.com/media/aacaad_07b56f2ecab046e2b8aca527dad17bf0~mv2.jpg","assets/images/writings/aacaad_07b56f2ecab046e2b8aca527dad17bf0~mv2.jpg"
"page","Writings","https://www.catconnolly.com/writings/categories/poetry","https://static.wixstatic.com/media/aacaad_0a7a27f74b774d20925dc3fc75dccb1f~mv2.jpg","assets/images/writings/aacaad_0a7a27f74b774d20925dc3fc75dccb1f~mv2.jpg"
"page","Writings","https://www.catconnolly.com/writings/categories/poetry","https://static.wixstatic.com/media/aacaad_1695d4bfe23747c2908f879ebd399d4e~mv2_d_3024_4032_s_4_2.jpg","assets/images/writings/aacaad_1695d4bfe23747c2908f879ebd399d4e~mv2_d_3024_4032_s_4_2.jpg"
"page","Writings","https://www.catconnolly.com/writings/categories/poetry","https://static.wixstatic.com/media/aacaad_1edfe6d80d8b49269f7c396ef2bb6412~mv2.jpg","assets/images/writings/aacaad_1edfe6d80d8b49269f7c396ef2bb6412~mv2.jpg"
"page","Writings","https://www.catconnolly.com/writings/categories/poetry","https://static.wixstatic.com/media/aacaad_2cd757f15fe64a20ba32c2cbca6b9679~mv2.png","assets/images/branding/site-logo.png"
"page","Writings","https://www.catconnolly.com/writings/categories/poetry","https://static.wixstatic.com/media/aacaad_343855d22026489f8f187236019e9d36~mv2.jpg","assets/images/writings/aacaad_343855d22026489f8f187236019e9d36~mv2.jpg"
"page","Writings","https://www.catconnolly.com/writings/categories/poetry","https://static.wixstatic.com/media/aacaad_818ade32e083447bb3bb53d4bc052736~mv2_d_3024_4032_s_4_2.jpg","assets/images/writings/aacaad_818ade32e083447bb3bb53d4bc052736~mv2_d_3024_4032_s_4_2.jpg"
"page","Writings","https://www.catconnolly.com/writings/categories/poetry","https://static.wixstatic.com/media/aacaad_c130a80ad7844ebc99fb22f34e0ad73c~mv2_d_3024_4032_s_4_2.jpg","assets/images/writings/aacaad_c130a80ad7844ebc99fb22f34e0ad73c~mv2_d_3024_4032_s_4_2.jpg"
"page","Writings","https://www.catconnolly.com/writings/categories/poetry","https://static.wixstatic.com/media/aacaad_ce623ee24e044464af3e2457dd9d5b39~mv2.jpg","assets/images/writings/aacaad_ce623ee24e044464af3e2457dd9d5b39~mv2.jpg"
"page","Writings","https://www.catconnolly.com/writings/categories/poetry","https://static.wixstatic.com/media/aacaad_d0895a2106324a689059a9dde2a7271e~mv2.jpg","assets/images/writings/aacaad_d0895a2106324a689059a9dde2a7271e~mv2.jpg"
"page","Writings","https://www.catconnolly.com/writings/categories/poetry","https://static.wixstatic.com/media/aacaad_f7d67977556d439ca4e9b61d2be0e41b~mv2_d_4032_3024_s_4_2.jpg","assets/images/writings/aacaad_f7d67977556d439ca4e9b61d2be0e41b~mv2_d_4032_3024_s_4_2.jpg"
"page","Writings","https://www.catconnolly.com/writings/categories/poetry","https://static.wixstatic.com/media/c7d035ba85f6486680c2facedecdcf4d.png","assets/images/shared/social-twitter.png"
"page","Writings","https://www.catconnolly.com/writings/categories/poetry/page/2","https://static.wixstatic.com/media/0fdef751204647a3bbd7eaa2827ed4f9.png","assets/images/shared/social-facebook.png"
"page","Writings","https://www.catconnolly.com/writings/categories/poetry/page/2","https://static.wixstatic.com/media/6ea5b4a88f0b4f91945b40499aa0af00.png","assets/images/shared/social-linkedin.png"
"page","Writings","https://www.catconnolly.com/writings/categories/poetry/page/2","https://static.wixstatic.com/media/aacaad_07b56f2ecab046e2b8aca527dad17bf0~mv2.jpg","assets/images/writings/aacaad_07b56f2ecab046e2b8aca527dad17bf0~mv2.jpg"
"page","Writings","https://www.catconnolly.com/writings/categories/poetry/page/2","https://static.wixstatic.com/media/aacaad_16443f803ef644b99061c1aec90dfaad~mv2.jpg","assets/images/writings/aacaad_16443f803ef644b99061c1aec90dfaad~mv2.jpg"
"page","Writings","https://www.catconnolly.com/writings/categories/poetry/page/2","https://static.wixstatic.com/media/aacaad_2cd757f15fe64a20ba32c2cbca6b9679~mv2.png","assets/images/branding/site-logo.png"
"page","Writings","https://www.catconnolly.com/writings/categories/poetry/page/2","https://static.wixstatic.com/media/aacaad_443062d0b6bc47dba3bf2028a730ee3f~mv2.jpg","assets/images/writings/aacaad_443062d0b6bc47dba3bf2028a730ee3f~mv2.jpg"
"page","Writings","https://www.catconnolly.com/writings/categories/poetry/page/2","https://static.wixstatic.com/media/aacaad_455b676cd585439294c7ea66a5e63048~mv2.jpg","assets/images/writings/aacaad_455b676cd585439294c7ea66a5e63048~mv2.jpg"
"page","Writings","https://www.catconnolly.com/writings/categories/poetry/page/2","https://static.wixstatic.com/media/aacaad_680d531b3d994783a40d4ffcc8f1a43b~mv2.jpg","assets/images/writings/aacaad_680d531b3d994783a40d4ffcc8f1a43b~mv2.jpg"
"page","Writings","https://www.catconnolly.com/writings/categories/poetry/page/2","https://static.wixstatic.com/media/aacaad_aad242e982174ce1a2d72f626af70ac2~mv2.jpg","assets/images/writings/aacaad_aad242e982174ce1a2d72f626af70ac2~mv2.jpg"
"page","Writings","https://www.catconnolly.com/writings/categories/poetry/page/2","https://static.wixstatic.com/media/aacaad_c815a7f5cc164ae8b2dab9dfc2077abb~mv2.jpg","assets/images/writings/aacaad_c815a7f5cc164ae8b2dab9dfc2077abb~mv2.jpg"
"page","Writings","https://www.catconnolly.com/writings/categories/poetry/page/2","https://static.wixstatic.com/media/aacaad_cfc53678dc4340bd85e3873d0458e054~mv2.jpg","assets/images/writings/aacaad_cfc53678dc4340bd85e3873d0458e054~mv2.jpg"
"page","Writings","https://www.catconnolly.com/writings/categories/poetry/page/2","https://static.wixstatic.com/media/aacaad_e376dc00020b4646aba7828deb72b2e6~mv2.jpg","assets/images/writings/aacaad_e376dc00020b4646aba7828deb72b2e6~mv2.jpg"
"page","Writings","https://www.catconnolly.com/writings/categories/poetry/page/2","https://static.wixstatic.com/media/aacaad_fdc51f51696d44efbde854c0769d0987~mv2.jpg","assets/images/writings/aacaad_fdc51f51696d44efbde854c0769d0987~mv2.jpg"
"page","Writings","https://www.catconnolly.com/writings/categories/poetry/page/2","https://static.wixstatic.com/media/c7d035ba85f6486680c2facedecdcf4d.png","assets/images/shared/social-twitter.png"
"page","Writings","https://www.catconnolly.com/writings/categories/sermons","https://static.wixstatic.com/media/0fdef751204647a3bbd7eaa2827ed4f9.png","assets/images/shared/social-facebook.png"
"page","Writings","https://www.catconnolly.com/writings/categories/sermons","https://static.wixstatic.com/media/6ea5b4a88f0b4f91945b40499aa0af00.png","assets/images/shared/social-linkedin.png"
"page","Writings","https://www.catconnolly.com/writings/categories/sermons","https://static.wixstatic.com/media/aacaad_0c709531b707428cba3ae3221cf0ec16~mv2.jpg","assets/images/writings/aacaad_0c709531b707428cba3ae3221cf0ec16~mv2.jpg"
"page","Writings","https://www.catconnolly.com/writings/categories/sermons","https://static.wixstatic.com/media/aacaad_1e49585db5ed47aea2eba1928985bfe0~mv2.png","assets/images/writings/aacaad_1e49585db5ed47aea2eba1928985bfe0~mv2.png"
"page","Writings","https://www.catconnolly.com/writings/categories/sermons","https://static.wixstatic.com/media/aacaad_2cd757f15fe64a20ba32c2cbca6b9679~mv2.png","assets/images/branding/site-logo.png"
"page","Writings","https://www.catconnolly.com/writings/categories/sermons","https://static.wixstatic.com/media/aacaad_51b13feac93d455e96bf39d34a5beb73~mv2.jpg","assets/images/writings/aacaad_51b13feac93d455e96bf39d34a5beb73~mv2.jpg"
"page","Writings","https://www.catconnolly.com/writings/categories/sermons","https://static.wixstatic.com/media/aacaad_54832d6f94a74227bfeecdf3adb6eef3~mv2.jpg","assets/images/writings/aacaad_54832d6f94a74227bfeecdf3adb6eef3~mv2.jpg"
"page","Writings","https://www.catconnolly.com/writings/categories/sermons","https://static.wixstatic.com/media/aacaad_aace31e7a1d648f8b499deda6f803b57~mv2.png","assets/images/writings/aacaad_aace31e7a1d648f8b499deda6f803b57~mv2.png"
"page","Writings","https://www.catconnolly.com/writings/categories/sermons","https://static.wixstatic.com/media/aacaad_d1612d78ec874f4dbd62d058e28634d0~mv2.png","assets/images/writings/aacaad_d1612d78ec874f4dbd62d058e28634d0~mv2.png"
"page","Writings","https://www.catconnolly.com/writings/categories/sermons","https://static.wixstatic.com/media/aacaad_d163f3d80f224ae686d4d1c4c96d6b91~mv2.jpg","assets/images/writings/aacaad_d163f3d80f224ae686d4d1c4c96d6b91~mv2.jpg"
"page","Writings","https://www.catconnolly.com/writings/categories/sermons","https://static.wixstatic.com/media/aacaad_e470de94155b41de89cffd6dc4d7851a~mv2.jpg","assets/images/writings/aacaad_e470de94155b41de89cffd6dc4d7851a~mv2.jpg"
"page","Writings","https://www.catconnolly.com/writings/categories/sermons","https://static.wixstatic.com/media/c7d035ba85f6486680c2facedecdcf4d.png","assets/images/shared/social-twitter.png"
"page","Writings","https://www.catconnolly.com/writings/categories/sermons","https://static.wixstatic.com/media/c8f730948dd845cda5c9ac044c3c2bef.jpg","assets/images/writings/c8f730948dd845cda5c9ac044c3c2bef.jpg"
"page","Writings","https://www.catconnolly.com/writings/categories/sermons/page/2","https://static.wixstatic.com/media/0fdef751204647a3bbd7eaa2827ed4f9.png","assets/images/shared/social-facebook.png"
"page","Writings","https://www.catconnolly.com/writings/categories/sermons/page/2","https://static.wixstatic.com/media/6ea5b4a88f0b4f91945b40499aa0af00.png","assets/images/shared/social-linkedin.png"
"page","Writings","https://www.catconnolly.com/writings/categories/sermons/page/2","https://static.wixstatic.com/media/aacaad_18d2fca9982e4616a666ba48b3171fe0~mv2.jpg","assets/images/writings/aacaad_18d2fca9982e4616a666ba48b3171fe0~mv2.jpg"
"page","Writings","https://www.catconnolly.com/writings/categories/sermons/page/2","https://static.wixstatic.com/media/aacaad_1a888eb2fa314e96b69f296a218a663e~mv2.jpg","assets/images/writings/aacaad_1a888eb2fa314e96b69f296a218a663e~mv2.jpg"
"page","Writings","https://www.catconnolly.com/writings/categories/sermons/page/2","https://static.wixstatic.com/media/aacaad_1d8dccf8d29f45e8990faaa44ff66d55~mv2.jpg","assets/images/writings/aacaad_1d8dccf8d29f45e8990faaa44ff66d55~mv2.jpg"
"page","Writings","https://www.catconnolly.com/writings/categories/sermons/page/2","https://static.wixstatic.com/media/aacaad_2cd757f15fe64a20ba32c2cbca6b9679~mv2.png","assets/images/branding/site-logo.png"
"page","Writings","https://www.catconnolly.com/writings/categories/sermons/page/2","https://static.wixstatic.com/media/aacaad_4bd4d8f839544013be292040f79af052~mv2.jpg","assets/images/writings/aacaad_4bd4d8f839544013be292040f79af052~mv2.jpg"
"page","Writings","https://www.catconnolly.com/writings/categories/sermons/page/2","https://static.wixstatic.com/media/aacaad_7637ff80120a41b7baede1c09939018d~mv2.jpg","assets/images/writings/aacaad_7637ff80120a41b7baede1c09939018d~mv2.jpg"
"page","Writings","https://www.catconnolly.com/writings/categories/sermons/page/2","https://static.wixstatic.com/media/aacaad_9a9cd55e1f9e4e5f99af06f40b4c288d~mv2.jpg","assets/images/writings/aacaad_9a9cd55e1f9e4e5f99af06f40b4c288d~mv2.jpg"
"page","Writings","https://www.catconnolly.com/writings/categories/sermons/page/2","https://static.wixstatic.com/media/aacaad_c6f2293a59c54438a6dc5ced1ad12e3c~mv2.jpg","assets/images/writings/aacaad_c6f2293a59c54438a6dc5ced1ad12e3c~mv2.jpg"
"page","Writings","https://www.catconnolly.com/writings/categories/sermons/page/2","https://static.wixstatic.com/media/aacaad_ddd56023c5e64eb7a70e88805083d0b1~mv2.jpg","assets/images/writings/aacaad_ddd56023c5e64eb7a70e88805083d0b1~mv2.jpg"
"page","Writings","https://www.catconnolly.com/writings/categories/sermons/page/2","https://static.wixstatic.com/media/aacaad_f998967c03d44485a18d095f09812fb0~mv2.jpg","assets/images/writings/aacaad_f998967c03d44485a18d095f09812fb0~mv2.jpg"
"page","Writings","https://www.catconnolly.com/writings/categories/sermons/page/2","https://static.wixstatic.com/media/c7d035ba85f6486680c2facedecdcf4d.png","assets/images/shared/social-twitter.png"
"page","Writings","https://www.catconnolly.com/writings/categories/sermons/page/2","https://static.wixstatic.com/media/c8f730948dd845cda5c9ac044c3c2bef.jpg","assets/images/writings/c8f730948dd845cda5c9ac044c3c2bef.jpg"
"page","Writings","https://www.catconnolly.com/writings/categories/sermons/page/3","https://static.wixstatic.com/media/0fdef751204647a3bbd7eaa2827ed4f9.png","assets/images/shared/social-facebook.png"
"page","Writings","https://www.catconnolly.com/writings/categories/sermons/page/3","https://static.wixstatic.com/media/6ea5b4a88f0b4f91945b40499aa0af00.png","assets/images/shared/social-linkedin.png"
"page","Writings","https://www.catconnolly.com/writings/categories/sermons/page/3","https://static.wixstatic.com/media/aacaad_1239e3993dc540109b178efacaf8bba8~mv2.jpg","assets/images/writings/aacaad_1239e3993dc540109b178efacaf8bba8~mv2.jpg"
"page","Writings","https://www.catconnolly.com/writings/categories/sermons/page/3","https://static.wixstatic.com/media/aacaad_23bb0ac499604169974154c841286888~mv2.jpg","assets/images/writings/aacaad_23bb0ac499604169974154c841286888~mv2.jpg"
"page","Writings","https://www.catconnolly.com/writings/categories/sermons/page/3","https://static.wixstatic.com/media/aacaad_2cd757f15fe64a20ba32c2cbca6b9679~mv2.png","assets/images/branding/site-logo.png"
"page","Writings","https://www.catconnolly.com/writings/categories/sermons/page/3","https://static.wixstatic.com/media/aacaad_5d235580749a4820b9720841af569676~mv2.jpg","assets/images/writings/aacaad_5d235580749a4820b9720841af569676~mv2.jpg"
"page","Writings","https://www.catconnolly.com/writings/categories/sermons/page/3","https://static.wixstatic.com/media/aacaad_6b7e74ea5855425e99cf4fd7399b5cc8~mv2.jpg","assets/images/writings/aacaad_6b7e74ea5855425e99cf4fd7399b5cc8~mv2.jpg"
"page","Writings","https://www.catconnolly.com/writings/categories/sermons/page/3","https://static.wixstatic.com/media/aacaad_72b802cf9b054828915942a17c610559~mv2.jpg","assets/images/writings/aacaad_72b802cf9b054828915942a17c610559~mv2.jpg"
"page","Writings","https://www.catconnolly.com/writings/categories/sermons/page/3","https://static.wixstatic.com/media/aacaad_88170ece0f984349b3bb52bafc8ad778~mv2.jpg","assets/images/writings/aacaad_88170ece0f984349b3bb52bafc8ad778~mv2.jpg"
"page","Writings","https://www.catconnolly.com/writings/categories/sermons/page/3","https://static.wixstatic.com/media/aacaad_a4528dd61cef4ad885f6cd42d50f007c~mv2.jpg","assets/images/writings/aacaad_a4528dd61cef4ad885f6cd42d50f007c~mv2.jpg"
"page","Writings","https://www.catconnolly.com/writings/categories/sermons/page/3","https://static.wixstatic.com/media/aacaad_ac3c1d865b204f199df69d7d2b7695ed~mv2.jpg","assets/images/writings/aacaad_ac3c1d865b204f199df69d7d2b7695ed~mv2.jpg"
"page","Writings","https://www.catconnolly.com/writings/categories/sermons/page/3","https://static.wixstatic.com/media/aacaad_bc2fc82f1d464b05952e378bd0fb2371~mv2.jpg","assets/images/writings/aacaad_bc2fc82f1d464b05952e378bd0fb2371~mv2.jpg"
"page","Writings","https://www.catconnolly.com/writings/categories/sermons/page/3","https://static.wixstatic.com/media/c7d035ba85f6486680c2facedecdcf4d.png","assets/images/shared/social-twitter.png"
"page","Writings","https://www.catconnolly.com/writings/categories/sermons/page/3","https://static.wixstatic.com/media/c8f730948dd845cda5c9ac044c3c2bef.jpg","assets/images/writings/c8f730948dd845cda5c9ac044c3c2bef.jpg"
"page","Writings","https://www.catconnolly.com/writings/categories/sermons/page/4","https://static.wixstatic.com/media/0fdef751204647a3bbd7eaa2827ed4f9.png","assets/images/shared/social-facebook.png"
"page","Writings","https://www.catconnolly.com/writings/categories/sermons/page/4","https://static.wixstatic.com/media/6ea5b4a88f0b4f91945b40499aa0af00.png","assets/images/shared/social-linkedin.png"
"page","Writings","https://www.catconnolly.com/writings/categories/sermons/page/4","https://static.wixstatic.com/media/aacaad_2cd757f15fe64a20ba32c2cbca6b9679~mv2.png","assets/images/branding/site-logo.png"
"page","Writings","https://www.catconnolly.com/writings/categories/sermons/page/4","https://static.wixstatic.com/media/aacaad_35df38c7ee5d46608397e7fae8fba568~mv2.jpg","assets/images/writings/aacaad_35df38c7ee5d46608397e7fae8fba568~mv2.jpg"
"page","Writings","https://www.catconnolly.com/writings/categories/sermons/page/4","https://static.wixstatic.com/media/aacaad_4ab3a4c7bf024db79302bccb3b0723b3~mv2_d_4032_3024_s_4_2.jpg","assets/images/writings/aacaad_4ab3a4c7bf024db79302bccb3b0723b3~mv2_d_4032_3024_s_4_2.jpg"
"page","Writings","https://www.catconnolly.com/writings/categories/sermons/page/4","https://static.wixstatic.com/media/aacaad_57c8175a7f9544b99fe4c76402edfd61~mv2.jpg","assets/images/writings/aacaad_57c8175a7f9544b99fe4c76402edfd61~mv2.jpg"
"page","Writings","https://www.catconnolly.com/writings/categories/sermons/page/4","https://static.wixstatic.com/media/aacaad_5c79ab97fea94bf58372f0ff1d3bd09d~mv2.jpg","assets/images/writings/aacaad_5c79ab97fea94bf58372f0ff1d3bd09d~mv2.jpg"
"page","Writings","https://www.catconnolly.com/writings/categories/sermons/page/4","https://static.wixstatic.com/media/aacaad_67c2fb0768194685be0d995bfa689e39~mv2.jpg","assets/images/writings/aacaad_67c2fb0768194685be0d995bfa689e39~mv2.jpg"
"page","Writings","https://www.catconnolly.com/writings/categories/sermons/page/4","https://static.wixstatic.com/media/aacaad_7ae0463488934bfc83e2539394cb5386~mv2.jpg","assets/images/writings/aacaad_7ae0463488934bfc83e2539394cb5386~mv2.jpg"
"page","Writings","https://www.catconnolly.com/writings/categories/sermons/page/4","https://static.wixstatic.com/media/aacaad_8814e0d7bc8e4cfb8f28c555455dcd9f~mv2.jpg","assets/images/writings/aacaad_8814e0d7bc8e4cfb8f28c555455dcd9f~mv2.jpg"
"page","Writings","https://www.catconnolly.com/writings/categories/sermons/page/4","https://static.wixstatic.com/media/aacaad_8a1377850625491982f973974e3f9b8e~mv2.jpg","assets/images/writings/aacaad_8a1377850625491982f973974e3f9b8e~mv2.jpg"
"page","Writings","https://www.catconnolly.com/writings/categories/sermons/page/4","https://static.wixstatic.com/media/aacaad_c36e7d30565e47b99fc8a5e7c1f1a7c7~mv2.jpg","assets/images/writings/aacaad_c36e7d30565e47b99fc8a5e7c1f1a7c7~mv2.jpg"
"page","Writings","https://www.catconnolly.com/writings/categories/sermons/page/4","https://static.wixstatic.com/media/c7d035ba85f6486680c2facedecdcf4d.png","assets/images/shared/social-twitter.png"
"page","Writings","https://www.catconnolly.com/writings/categories/sermons/page/4","https://static.wixstatic.com/media/c8f730948dd845cda5c9ac044c3c2bef.jpg","assets/images/writings/c8f730948dd845cda5c9ac044c3c2bef.jpg"
"page","Writings","https://www.catconnolly.com/writings/categories/sermons/page/5","https://static.wixstatic.com/media/0fdef751204647a3bbd7eaa2827ed4f9.png","assets/images/shared/social-facebook.png"
"page","Writings","https://www.catconnolly.com/writings/categories/sermons/page/5","https://static.wixstatic.com/media/6ea5b4a88f0b4f91945b40499aa0af00.png","assets/images/shared/social-linkedin.png"
"page","Writings","https://www.catconnolly.com/writings/categories/sermons/page/5","https://static.wixstatic.com/media/aacaad_2cd757f15fe64a20ba32c2cbca6b9679~mv2.png","assets/images/branding/site-logo.png"
"page","Writings","https://www.catconnolly.com/writings/categories/sermons/page/5","https://static.wixstatic.com/media/c7d035ba85f6486680c2facedecdcf4d.png","assets/images/shared/social-twitter.png"
"page","Writings","https://www.catconnolly.com/writings/categories/sermons/page/5","https://static.wixstatic.com/media/c8f730948dd845cda5c9ac044c3c2bef.jpg","assets/images/writings/c8f730948dd845cda5c9ac044c3c2bef.jpg"
"page","Writings","https://www.catconnolly.com/writings/categories/sermons/page/5","https://static.wixstatic.com/media/nsplsh_356442395747704a624663~mv2_d_5184_2920_s_4_2.jpg","assets/images/writings/nsplsh_356442395747704a624663~mv2_d_5184_2920_s_4_2.jpg"
