"Category","Date","Title","Slug","Url","SourcePage","ImageUrl","LocalPath"
"Sermons","2025-11-25T15:35:41.224Z","It isn't fair... but it can be holy","it-isn-t-fair-but-it-can-be-holy","https://www.catconnolly.com/post/it-isn-t-fair-but-it-can-be-holy","https://www.catconnolly.com/writings/categories/sermons","https://static.wixstatic.com/media/aacaad_d163f3d80f224ae686d4d1c4c96d6b91~mv2.jpg","assets/images/writings/aacaad_d163f3d80f224ae686d4d1c4c96d6b91~mv2.jpg"
"Sermons","2025-11-25T15:31:38.359Z","The Invitation to Keep Going","the-invitation-to-keep-going","https://www.catconnolly.com/post/the-invitation-to-keep-going","https://www.catconnolly.com/writings/categories/sermons","https://static.wixstatic.com/media/aacaad_d163f3d80f224ae686d4d1c4c96d6b91~mv2.jpg","assets/images/writings/aacaad_d163f3d80f224ae686d4d1c4c96d6b91~mv2.jpg"
"Sermons","2025-11-25T15:26:23.811Z","A Walking Lump of Dust","a-walking-lump-of-dust","https://www.catconnolly.com/post/a-walking-lump-of-dust","https://www.catconnolly.com/writings/categories/sermons","https://static.wixstatic.com/media/aacaad_e470de94155b41de89cffd6dc4d7851a~mv2.jpg","assets/images/writings/aacaad_e470de94155b41de89cffd6dc4d7851a~mv2.jpg"
"Sermons","2025-11-25T15:17:25.832Z","A Green Thumb","a-green-thumb","https://www.catconnolly.com/post/a-green-thumb","https://www.catconnolly.com/writings/categories/sermons","https://static.wixstatic.com/media/aacaad_54832d6f94a74227bfeecdf3adb6eef3~mv2.jpg","assets/images/writings/aacaad_54832d6f94a74227bfeecdf3adb6eef3~mv2.jpg"
"Sermons","2025-11-25T15:14:55.609Z","We're going to change the world","we-re-going-to-change-the-world","https://www.catconnolly.com/post/we-re-going-to-change-the-world","https://www.catconnolly.com/writings/categories/sermons","https://static.wixstatic.com/media/aacaad_0c709531b707428cba3ae3221cf0ec16~mv2.jpg","assets/images/writings/aacaad_0c709531b707428cba3ae3221cf0ec16~mv2.jpg"
"Sermons","2025-11-25T15:11:56.497Z","Who Are You?","who-are-you","https://www.catconnolly.com/post/who-are-you","https://www.catconnolly.com/writings/categories/sermons","https://static.wixstatic.com/media/aacaad_aace31e7a1d648f8b499deda6f803b57~mv2.png","assets/images/writings/aacaad_aace31e7a1d648f8b499deda6f803b57~mv2.png"
"Sermons","2025-11-25T15:05:33.602Z","Santa and Jesus are both watching!","santa-and-jesus-are-both-watching","https://www.catconnolly.com/post/santa-and-jesus-are-both-watching","https://www.catconnolly.com/writings/categories/sermons","https://static.wixstatic.com/media/aacaad_d1612d78ec874f4dbd62d058e28634d0~mv2.png","assets/images/writings/aacaad_d1612d78ec874f4dbd62d058e28634d0~mv2.png"
"Sermons","2025-11-25T15:00:41.208Z","Advent Baking","advent-baking","https://www.catconnolly.com/post/advent-baking","https://www.catconnolly.com/writings/categories/sermons","https://static.wixstatic.com/media/aacaad_1e49585db5ed47aea2eba1928985bfe0~mv2.png","assets/images/writings/aacaad_1e49585db5ed47aea2eba1928985bfe0~mv2.png"
"Sermons","2025-11-25T14:52:23.662Z","It's the Zombie Apocalypse! ","it-s-the-zombie-apocalypse","https://www.catconnolly.com/post/it-s-the-zombie-apocalypse","https://www.catconnolly.com/writings/categories/sermons","https://static.wixstatic.com/media/aacaad_51b13feac93d455e96bf39d34a5beb73~mv2.jpg","assets/images/writings/aacaad_51b13feac93d455e96bf39d34a5beb73~mv2.jpg"
"Sermons","2025-11-25T14:36:49.313Z","The Sainthood of Baptism","the-sainthood-of-baptism","https://www.catconnolly.com/post/the-sainthood-of-baptism","https://www.catconnolly.com/writings/categories/sermons","https://static.wixstatic.com/media/aacaad_0ec5e3b4bfe64809856b9ffac3f5210a~mv2.jpg","assets/images/writings/aacaad_0ec5e3b4bfe64809856b9ffac3f5210a~mv2.jpg"
"Sermons","2024-10-29T14:26:26.607Z","Beauty in Mystery (Trinity)","beauty-in-mystery-trinity","https://www.catconnolly.com/post/beauty-in-mystery-trinity","https://www.catconnolly.com/writings/categories/sermons","https://static.wixstatic.com/media/aacaad_1253c0d79db04350ad65f02d292cd2e1~mv2.jpg","assets/images/writings/aacaad_1253c0d79db04350ad65f02d292cd2e1~mv2.jpg"
"Sermons","2024-10-29T13:47:49.172Z","God doesn't come out well...","god-doesn-t-come-out-well","https://www.catconnolly.com/post/god-doesn-t-come-out-well","https://www.catconnolly.com/writings/categories/sermons","https://static.wixstatic.com/media/aacaad_637bc9054f344356931b3487aeac8030~mv2.jpg","assets/images/writings/aacaad_637bc9054f344356931b3487aeac8030~mv2.jpg"
"Sermons","2024-10-29T13:37:09.044Z","The Sound of Silence","the-sound-of-silence","https://www.catconnolly.com/post/the-sound-of-silence","https://www.catconnolly.com/writings/categories/sermons/page/2","https://static.wixstatic.com/media/aacaad_7637ff80120a41b7baede1c09939018d~mv2.jpg","assets/images/writings/aacaad_7637ff80120a41b7baede1c09939018d~mv2.jpg"
"Sermons","2024-10-24T16:57:21.204Z","A Rusty Heart?","a-rusty-heart","https://www.catconnolly.com/post/a-rusty-heart","https://www.catconnolly.com/writings/categories/sermons/page/2","https://static.wixstatic.com/media/aacaad_ddd56023c5e64eb7a70e88805083d0b1~mv2.jpg","assets/images/writings/aacaad_ddd56023c5e64eb7a70e88805083d0b1~mv2.jpg"
"Sermons","2024-10-24T16:55:25.821Z","A Miracle of Abundance","a-miracle-of-abundance","https://www.catconnolly.com/post/a-miracle-of-abundance","https://www.catconnolly.com/writings/categories/sermons/page/2","https://static.wixstatic.com/media/aacaad_c6f2293a59c54438a6dc5ced1ad12e3c~mv2.jpg","assets/images/writings/aacaad_c6f2293a59c54438a6dc5ced1ad12e3c~mv2.jpg"
"Sermons","2024-10-24T16:44:41.074Z","I've got that joy joy joy!","i-ve-got-that-joy-joy-joy","https://www.catconnolly.com/post/i-ve-got-that-joy-joy-joy","https://www.catconnolly.com/writings/categories/sermons/page/2","https://static.wixstatic.com/media/aacaad_18d2fca9982e4616a666ba48b3171fe0~mv2.jpg","assets/images/writings/aacaad_18d2fca9982e4616a666ba48b3171fe0~mv2.jpg"
"Sermons","2024-10-24T16:39:13.664Z","What Doesn't Kill You","what-doesn-t-kill-you","https://www.catconnolly.com/post/what-doesn-t-kill-you","https://www.catconnolly.com/writings/categories/sermons/page/2","https://static.wixstatic.com/media/aacaad_4bd4d8f839544013be292040f79af052~mv2.jpg","assets/images/writings/aacaad_4bd4d8f839544013be292040f79af052~mv2.jpg"
"Sermons","2024-06-17T21:40:31.344Z","It Drives Me Crazy!","it-drives-me-crazy","https://www.catconnolly.com/post/it-drives-me-crazy","https://www.catconnolly.com/writings/categories/sermons/page/2","https://static.wixstatic.com/media/aacaad_1d8dccf8d29f45e8990faaa44ff66d55~mv2.jpg","assets/images/writings/aacaad_1d8dccf8d29f45e8990faaa44ff66d55~mv2.jpg"
"Sermons","2024-06-17T21:38:23.992Z","Holy, holy, holy (Trinity Sunday)","holy-holy-holy-trinity-sunday","https://www.catconnolly.com/post/holy-holy-holy-trinity-sunday","https://www.catconnolly.com/writings/categories/sermons/page/2","https://static.wixstatic.com/media/aacaad_f998967c03d44485a18d095f09812fb0~mv2.jpg","assets/images/writings/aacaad_f998967c03d44485a18d095f09812fb0~mv2.jpg"
"Sermons","2024-05-18T19:28:47.154Z","Playing with Language: Exploring God's Mystery (Mothering Sunday)","playing-with-language-exploring-god-s-mystery-mothering-sunday","https://www.catconnolly.com/post/playing-with-language-exploring-god-s-mystery-mothering-sunday","https://www.catconnolly.com/writings/categories/sermons/page/2","https://static.wixstatic.com/media/aacaad_1a888eb2fa314e96b69f296a218a663e~mv2.jpg","assets/images/writings/aacaad_1a888eb2fa314e96b69f296a218a663e~mv2.jpg"
"Sermons","2024-05-18T19:24:58.626Z","To Abide: Nature or Nurture?","to-abide-nature-or-nurture","https://www.catconnolly.com/post/to-abide-nature-or-nurture","https://www.catconnolly.com/writings/categories/sermons/page/2","https://static.wixstatic.com/media/aacaad_9a9cd55e1f9e4e5f99af06f40b4c288d~mv2.jpg","assets/images/writings/aacaad_9a9cd55e1f9e4e5f99af06f40b4c288d~mv2.jpg"
"Sermons","2024-05-18T01:13:29.392Z","The Faith of Doubting Thomas","the-faith-of-doubting-thomas","https://www.catconnolly.com/post/the-faith-of-doubting-thomas","https://www.catconnolly.com/writings/categories/sermons/page/2","https://static.wixstatic.com/media/aacaad_dcfc69fc9e65483abefb170cbfc9b08f~mv2.jpg","assets/images/writings/aacaad_dcfc69fc9e65483abefb170cbfc9b08f~mv2.jpg"
"Sermons","2024-05-18T01:11:23.752Z","Named, Known, Cherished (Easter Sunday)","named-known-cherished-easter-sunday","https://www.catconnolly.com/post/named-known-cherished-easter-sunday","https://www.catconnolly.com/writings/categories/sermons/page/2","https://static.wixstatic.com/media/aacaad_039f543e038b4b7bb6e3880d09b06d62~mv2.jpg","assets/images/writings/aacaad_039f543e038b4b7bb6e3880d09b06d62~mv2.jpg"
"Sermons","2024-05-18T01:08:41.659Z","Woven into Life (Good Friday)","woven-into-life-good-friday","https://www.catconnolly.com/post/woven-into-life-good-friday","https://www.catconnolly.com/writings/categories/sermons/page/2","https://static.wixstatic.com/media/aacaad_bf6899d19b8548d0bd59a2a897e8a95e~mv2.jpg","assets/images/writings/aacaad_bf6899d19b8548d0bd59a2a897e8a95e~mv2.jpg"
"Sermons","2024-05-17T21:12:13.883Z","The Gift of Holy Week","the-gift-of-holy-week","https://www.catconnolly.com/post/the-gift-of-holy-week","https://www.catconnolly.com/writings/categories/sermons/page/3","https://static.wixstatic.com/media/aacaad_1239e3993dc540109b178efacaf8bba8~mv2.jpg","assets/images/writings/aacaad_1239e3993dc540109b178efacaf8bba8~mv2.jpg"
"Sermons","2024-05-17T21:10:09.750Z","Hoping for Faith","hoping-for-faith","https://www.catconnolly.com/post/hoping-for-faith","https://www.catconnolly.com/writings/categories/sermons/page/3","https://static.wixstatic.com/media/aacaad_ac3c1d865b204f199df69d7d2b7695ed~mv2.jpg","assets/images/writings/aacaad_ac3c1d865b204f199df69d7d2b7695ed~mv2.jpg"
"Sermons","2024-01-16T01:29:57.306Z","Best Gift Ever!","best-gift-ever","https://www.catconnolly.com/post/best-gift-ever","https://www.catconnolly.com/writings/categories/sermons/page/3","https://static.wixstatic.com/media/aacaad_23bb0ac499604169974154c841286888~mv2.jpg","assets/images/writings/aacaad_23bb0ac499604169974154c841286888~mv2.jpg"
"Sermons","2024-01-16T01:27:04.779Z","Perfect Illusion","perfect-illusion","https://www.catconnolly.com/post/perfect-illusion","https://www.catconnolly.com/writings/categories/sermons/page/3","https://static.wixstatic.com/media/aacaad_a4528dd61cef4ad885f6cd42d50f007c~mv2.jpg","assets/images/writings/aacaad_a4528dd61cef4ad885f6cd42d50f007c~mv2.jpg"
"Sermons","2024-01-16T01:18:35.514Z","Deep Cleaning with John (Advent 2)","deep-cleaning-with-john-advent-2","https://www.catconnolly.com/post/deep-cleaning-with-john-advent-2","https://www.catconnolly.com/writings/categories/sermons/page/3","https://static.wixstatic.com/media/aacaad_88170ece0f984349b3bb52bafc8ad778~mv2.jpg","assets/images/writings/aacaad_88170ece0f984349b3bb52bafc8ad778~mv2.jpg"
"Sermons","2024-01-16T01:12:53.290Z","Cheese or Grit? (Christ the King)","cheese-or-grit-christ-the-king","https://www.catconnolly.com/post/cheese-or-grit-christ-the-king","https://www.catconnolly.com/writings/categories/sermons/page/3","https://static.wixstatic.com/media/aacaad_6b7e74ea5855425e99cf4fd7399b5cc8~mv2.jpg","assets/images/writings/aacaad_6b7e74ea5855425e99cf4fd7399b5cc8~mv2.jpg"
"Sermons","2024-01-16T01:08:27.429Z","Annual Wisdom","annual-wisdom","https://www.catconnolly.com/post/annual-wisdom","https://www.catconnolly.com/writings/categories/sermons/page/3","https://static.wixstatic.com/media/aacaad_bc2fc82f1d464b05952e378bd0fb2371~mv2.jpg","assets/images/writings/aacaad_bc2fc82f1d464b05952e378bd0fb2371~mv2.jpg"
"Sermons","2023-05-31T17:22:07.630Z","Glimpsing Glory","glimpsing-glory","https://www.catconnolly.com/post/glimpsing-glory","https://www.catconnolly.com/writings/categories/sermons/page/3","https://static.wixstatic.com/media/aacaad_72b802cf9b054828915942a17c610559~mv2.jpg","assets/images/writings/aacaad_72b802cf9b054828915942a17c610559~mv2.jpg"
"Sermons","2023-05-09T14:29:24.101Z","Come and See! (Easter Vigil)","come-and-see","https://www.catconnolly.com/post/come-and-see","https://www.catconnolly.com/writings/categories/sermons/page/3","https://static.wixstatic.com/media/aacaad_5d235580749a4820b9720841af569676~mv2.jpg","assets/images/writings/aacaad_5d235580749a4820b9720841af569676~mv2.jpg"
"Sermons","2023-05-09T14:20:29.630Z","Vulnerability of Feet (Maundy Thursday)","vulnerability-of-feet-maundy-thursday","https://www.catconnolly.com/post/vulnerability-of-feet-maundy-thursday","https://www.catconnolly.com/writings/categories/sermons/page/3","https://static.wixstatic.com/media/aacaad_746efc62553c4a4c8f50e34313568a62~mv2.jpg","assets/images/writings/aacaad_746efc62553c4a4c8f50e34313568a62~mv2.jpg"
"Sermons","2023-05-09T14:16:31.063Z","All Things in Common","all-things-in-common","https://www.catconnolly.com/post/all-things-in-common","https://www.catconnolly.com/writings/categories/sermons/page/3","https://static.wixstatic.com/media/aacaad_8814e0d7bc8e4cfb8f28c555455dcd9f~mv2.jpg","assets/images/writings/aacaad_8814e0d7bc8e4cfb8f28c555455dcd9f~mv2.jpg"
"Sermons","2023-04-03T15:32:15.168Z","A Palm Sunday Story","a-palm-sunday-story","https://www.catconnolly.com/post/a-palm-sunday-story","https://www.catconnolly.com/writings/categories/sermons/page/3","https://static.wixstatic.com/media/aacaad_2579a1d8d4ce4192afa687cffa2a169f~mv2.jpg","assets/images/writings/aacaad_2579a1d8d4ce4192afa687cffa2a169f~mv2.jpg"
"Sermons","2023-04-03T15:23:35.944Z","Dry Bones don't get the last word","dry-bones-don-t-get-the-last-word","https://www.catconnolly.com/post/dry-bones-don-t-get-the-last-word","https://www.catconnolly.com/writings/categories/sermons/page/4","https://static.wixstatic.com/media/aacaad_7ae0463488934bfc83e2539394cb5386~mv2.jpg","assets/images/writings/aacaad_7ae0463488934bfc83e2539394cb5386~mv2.jpg"
"Sermons","2023-03-13T18:26:31.775Z","Word Play with Nicodemus","word-play-with-nicodemus","https://www.catconnolly.com/post/word-play-with-nicodemus","https://www.catconnolly.com/writings/categories/sermons/page/4","https://static.wixstatic.com/media/aacaad_67c2fb0768194685be0d995bfa689e39~mv2.jpg","assets/images/writings/aacaad_67c2fb0768194685be0d995bfa689e39~mv2.jpg"
"Sermons","2023-02-13T18:16:01.955Z","Artistic Envy","artistic-envy","https://www.catconnolly.com/post/artistic-envy","https://www.catconnolly.com/writings/categories/sermons/page/4","https://static.wixstatic.com/media/aacaad_c36e7d30565e47b99fc8a5e7c1f1a7c7~mv2.jpg","assets/images/writings/aacaad_c36e7d30565e47b99fc8a5e7c1f1a7c7~mv2.jpg"
"Sermons","2023-01-30T17:43:38.618Z","If only, if only...","if-only-if-only","https://www.catconnolly.com/post/if-only-if-only","https://www.catconnolly.com/writings/categories/sermons/page/4","https://static.wixstatic.com/media/aacaad_8a1377850625491982f973974e3f9b8e~mv2.jpg","assets/images/writings/aacaad_8a1377850625491982f973974e3f9b8e~mv2.jpg"
"Sermons","2023-01-10T19:05:39.566Z","What's in a name?","what-s-in-a-name","https://www.catconnolly.com/post/what-s-in-a-name","https://www.catconnolly.com/writings/categories/sermons/page/4","https://static.wixstatic.com/media/aacaad_35df38c7ee5d46608397e7fae8fba568~mv2.jpg","assets/images/writings/aacaad_35df38c7ee5d46608397e7fae8fba568~mv2.jpg"
"Sermons","2023-01-10T19:03:58.807Z","The Story of Light","the-story-of-light","https://www.catconnolly.com/post/the-story-of-light","https://www.catconnolly.com/writings/categories/sermons/page/4","https://static.wixstatic.com/media/aacaad_5c79ab97fea94bf58372f0ff1d3bd09d~mv2.jpg","assets/images/writings/aacaad_5c79ab97fea94bf58372f0ff1d3bd09d~mv2.jpg"
"Sermons","2022-11-28T17:03:03.774Z","Through the Wardrobe","through-the-wardrobe","https://www.catconnolly.com/post/through-the-wardrobe","https://www.catconnolly.com/writings/categories/sermons/page/4","https://static.wixstatic.com/media/aacaad_4ab3a4c7bf024db79302bccb3b0723b3~mv2_d_4032_3024_s_4_2.jpg","assets/images/writings/aacaad_4ab3a4c7bf024db79302bccb3b0723b3~mv2_d_4032_3024_s_4_2.jpg"
"Sermons","2022-10-28T15:21:06.874Z","Would you rather?","would-you-rather","https://www.catconnolly.com/post/would-you-rather","https://www.catconnolly.com/writings/categories/sermons/page/4","https://static.wixstatic.com/media/aacaad_57c8175a7f9544b99fe4c76402edfd61~mv2.jpg","assets/images/writings/aacaad_57c8175a7f9544b99fe4c76402edfd61~mv2.jpg"
"Sermons","2022-10-12T19:13:17.497Z","First and Second Loves","first-and-second-loves","https://www.catconnolly.com/post/first-and-second-loves","https://www.catconnolly.com/writings/categories/sermons/page/4","https://static.wixstatic.com/media/aacaad_8814e0d7bc8e4cfb8f28c555455dcd9f~mv2.jpg","assets/images/writings/aacaad_8814e0d7bc8e4cfb8f28c555455dcd9f~mv2.jpg"
"Sermons","2022-10-12T19:08:58.906Z","Snakes and Scorpions","snakes-and-scorpions","https://www.catconnolly.com/post/snakes-and-scorpions","https://www.catconnolly.com/writings/categories/sermons/page/4","https://static.wixstatic.com/media/aacaad_fb0e3d762df6460cb0a4ecc1681f6a50~mv2.jpg","assets/images/writings/aacaad_fb0e3d762df6460cb0a4ecc1681f6a50~mv2.jpg"
"Sermons","2022-10-12T19:05:33.537Z","Tell Your Story","tell-your-story","https://www.catconnolly.com/post/tell-your-story","https://www.catconnolly.com/writings/categories/sermons/page/4","https://static.wixstatic.com/media/aacaad_c89c134c57e94371b547b9286cb8106b~mv2.jpg","assets/images/writings/aacaad_c89c134c57e94371b547b9286cb8106b~mv2.jpg"
"Sermons","2022-10-12T19:02:16.112Z","Costly Grace","costly-grace","https://www.catconnolly.com/post/costly-grace","https://www.catconnolly.com/writings/categories/sermons/page/4","https://static.wixstatic.com/media/aacaad_a49c7458d2d84f33914e43985e01dedb~mv2.jpg","assets/images/writings/aacaad_a49c7458d2d84f33914e43985e01dedb~mv2.jpg"
"Sermons","2022-10-12T18:09:59.959Z","3 Wishes","3-wishes","https://www.catconnolly.com/post/3-wishes","https://www.catconnolly.com/writings/categories/sermons/page/5","https://static.wixstatic.com/media/nsplsh_356442395747704a624663~mv2_d_5184_2920_s_4_2.jpg","assets/images/writings/nsplsh_356442395747704a624663~mv2_d_5184_2920_s_4_2.jpg"
"Poetry","2022-11-14T19:00:10.236Z","Autumn","autumn","https://www.catconnolly.com/post/autumn","https://www.catconnolly.com/writings/categories/poetry","https://static.wixstatic.com/media/aacaad_0a7a27f74b774d20925dc3fc75dccb1f~mv2.jpg","assets/images/writings/aacaad_0a7a27f74b774d20925dc3fc75dccb1f~mv2.jpg"
"Poetry","2022-11-14T18:44:03.158Z","Earl Grey","earl-grey","https://www.catconnolly.com/post/earl-grey","https://www.catconnolly.com/writings/categories/poetry","https://static.wixstatic.com/media/aacaad_1edfe6d80d8b49269f7c396ef2bb6412~mv2.jpg","assets/images/writings/aacaad_1edfe6d80d8b49269f7c396ef2bb6412~mv2.jpg"
"Poetry","2022-10-12T20:01:35.183Z","Scars","scars","https://www.catconnolly.com/post/scars","https://www.catconnolly.com/writings/categories/poetry","https://static.wixstatic.com/media/aacaad_f7d67977556d439ca4e9b61d2be0e41b~mv2_d_4032_3024_s_4_2.jpg","assets/images/writings/aacaad_f7d67977556d439ca4e9b61d2be0e41b~mv2_d_4032_3024_s_4_2.jpg"
"Poetry","2022-10-12T18:56:40.258Z","Beginnings","beginnings","https://www.catconnolly.com/post/beginnings","https://www.catconnolly.com/writings/categories/poetry","https://static.wixstatic.com/media/aacaad_343855d22026489f8f187236019e9d36~mv2.jpg","assets/images/writings/aacaad_343855d22026489f8f187236019e9d36~mv2.jpg"
"Poetry","2022-10-12T18:55:12.389Z","The Gift","the-gift","https://www.catconnolly.com/post/the-gift","https://www.catconnolly.com/writings/categories/poetry","https://static.wixstatic.com/media/aacaad_818ade32e083447bb3bb53d4bc052736~mv2_d_3024_4032_s_4_2.jpg","assets/images/writings/aacaad_818ade32e083447bb3bb53d4bc052736~mv2_d_3024_4032_s_4_2.jpg"
"Poetry","2022-10-12T18:49:02.249Z","The Drip","the-drip","https://www.catconnolly.com/post/the-drip","https://www.catconnolly.com/writings/categories/poetry","https://static.wixstatic.com/media/aacaad_ce623ee24e044464af3e2457dd9d5b39~mv2.jpg","assets/images/writings/aacaad_ce623ee24e044464af3e2457dd9d5b39~mv2.jpg"
"Poetry","2022-10-12T18:47:49.924Z","A Priest","a-priest","https://www.catconnolly.com/post/a-priest","https://www.catconnolly.com/writings/categories/poetry","https://static.wixstatic.com/media/aacaad_c130a80ad7844ebc99fb22f34e0ad73c~mv2_d_3024_4032_s_4_2.jpg","assets/images/writings/aacaad_c130a80ad7844ebc99fb22f34e0ad73c~mv2_d_3024_4032_s_4_2.jpg"
"Poetry","2022-10-12T18:45:25.056Z","Good Friday Lament","good-friday-lament","https://www.catconnolly.com/post/good-friday-lament","https://www.catconnolly.com/writings/categories/poetry","https://static.wixstatic.com/media/aacaad_1695d4bfe23747c2908f879ebd399d4e~mv2_d_3024_4032_s_4_2.jpg","assets/images/writings/aacaad_1695d4bfe23747c2908f879ebd399d4e~mv2_d_3024_4032_s_4_2.jpg"
"Poetry","2022-10-12T18:44:21.016Z","Dear Soul","dear-soul","https://www.catconnolly.com/post/dear-soul","https://www.catconnolly.com/writings/categories/poetry","https://static.wixstatic.com/media/aacaad_d0895a2106324a689059a9dde2a7271e~mv2.jpg","assets/images/writings/aacaad_d0895a2106324a689059a9dde2a7271e~mv2.jpg"
"Poetry","2022-10-12T18:43:32.033Z","Praise Be","praise-be","https://www.catconnolly.com/post/praise-be","https://www.catconnolly.com/writings/categories/poetry","https://static.wixstatic.com/media/aacaad_b328cd7275b74256a4fd7f276c414383~mv2.jpg","assets/images/writings/aacaad_b328cd7275b74256a4fd7f276c414383~mv2.jpg"
"Poetry","2022-10-12T18:42:41.591Z","Tombstones","tombstones","https://www.catconnolly.com/post/tombstones","https://www.catconnolly.com/writings/categories/poetry","https://static.wixstatic.com/media/aacaad_f065cae7c9a74a0fae5244c9648d4a7d~mv2.jpg","assets/images/writings/aacaad_f065cae7c9a74a0fae5244c9648d4a7d~mv2.jpg"
"Poetry","2022-10-12T18:41:15.218Z","Loss","_loss","https://www.catconnolly.com/post/_loss","https://www.catconnolly.com/writings/categories/poetry","https://static.wixstatic.com/media/aacaad_cea9e33c5dbb46db9de27b7b6dd2cf31~mv2.jpg","assets/images/writings/aacaad_cea9e33c5dbb46db9de27b7b6dd2cf31~mv2.jpg"
"Poetry","2022-10-12T18:40:19.121Z","A Psalm before Ordination","a-psalm-before-ordination","https://www.catconnolly.com/post/a-psalm-before-ordination","https://www.catconnolly.com/writings/categories/poetry/page/2","https://static.wixstatic.com/media/aacaad_443062d0b6bc47dba3bf2028a730ee3f~mv2.jpg","assets/images/writings/aacaad_443062d0b6bc47dba3bf2028a730ee3f~mv2.jpg"
"Poetry","2022-10-12T18:38:13.920Z","Tannoy","tannoy","https://www.catconnolly.com/post/tannoy","https://www.catconnolly.com/writings/categories/poetry/page/2","https://static.wixstatic.com/media/aacaad_fdc51f51696d44efbde854c0769d0987~mv2.jpg","assets/images/writings/aacaad_fdc51f51696d44efbde854c0769d0987~mv2.jpg"
"Poetry","2022-10-12T18:36:48.234Z","Turquoise","turquoise","https://www.catconnolly.com/post/turquoise","https://www.catconnolly.com/writings/categories/poetry/page/2","https://static.wixstatic.com/media/aacaad_16443f803ef644b99061c1aec90dfaad~mv2.jpg","assets/images/writings/aacaad_16443f803ef644b99061c1aec90dfaad~mv2.jpg"
"Poetry","2022-10-12T18:35:54.437Z","Fairy Songs","fairy-songs","https://www.catconnolly.com/post/fairy-songs","https://www.catconnolly.com/writings/categories/poetry/page/2","https://static.wixstatic.com/media/aacaad_cfc53678dc4340bd85e3873d0458e054~mv2.jpg","assets/images/writings/aacaad_cfc53678dc4340bd85e3873d0458e054~mv2.jpg"
"Poetry","2022-10-12T18:34:28.470Z","Resolutions","resolutions","https://www.catconnolly.com/post/resolutions","https://www.catconnolly.com/writings/categories/poetry/page/2","https://static.wixstatic.com/media/aacaad_aad242e982174ce1a2d72f626af70ac2~mv2.jpg","assets/images/writings/aacaad_aad242e982174ce1a2d72f626af70ac2~mv2.jpg"
"Poetry","2022-10-12T18:32:40.989Z","Caring","caring","https://www.catconnolly.com/post/caring","https://www.catconnolly.com/writings/categories/poetry/page/2","https://static.wixstatic.com/media/aacaad_e376dc00020b4646aba7828deb72b2e6~mv2.jpg","assets/images/writings/aacaad_e376dc00020b4646aba7828deb72b2e6~mv2.jpg"
"Poetry","2022-10-12T18:30:56.675Z","This is my body","this-is-my-body","https://www.catconnolly.com/post/this-is-my-body","https://www.catconnolly.com/writings/categories/poetry/page/2","https://static.wixstatic.com/media/aacaad_455b676cd585439294c7ea66a5e63048~mv2.jpg","assets/images/writings/aacaad_455b676cd585439294c7ea66a5e63048~mv2.jpg"
"Poetry","2022-10-12T18:29:26.195Z","The Valley of the Shadow","the-valley-of-the-shadow","https://www.catconnolly.com/post/the-valley-of-the-shadow","https://www.catconnolly.com/writings/categories/poetry/page/2","https://static.wixstatic.com/media/aacaad_680d531b3d994783a40d4ffcc8f1a43b~mv2.jpg","assets/images/writings/aacaad_680d531b3d994783a40d4ffcc8f1a43b~mv2.jpg"
"Poetry","2022-10-12T18:27:57.249Z","Going Home","going-home","https://www.catconnolly.com/post/going-home","https://www.catconnolly.com/writings/categories/poetry/page/2","https://static.wixstatic.com/media/aacaad_c815a7f5cc164ae8b2dab9dfc2077abb~mv2.jpg","assets/images/writings/aacaad_c815a7f5cc164ae8b2dab9dfc2077abb~mv2.jpg"
"Poetry","2022-10-12T18:26:51.285Z","Unity","unity","https://www.catconnolly.com/post/unity","https://www.catconnolly.com/writings/categories/poetry/page/2","https://static.wixstatic.com/media/aacaad_07b56f2ecab046e2b8aca527dad17bf0~mv2.jpg","assets/images/writings/aacaad_07b56f2ecab046e2b8aca527dad17bf0~mv2.jpg"
"Poetry","2022-10-12T18:05:28.007Z","Looking for God","looking-for-god","https://www.catconnolly.com/post/looking-for-god","https://www.catconnolly.com/writings/categories/poetry/page/2","https://static.wixstatic.com/media/aacaad_d4c7da1fd7144adca4b898c1b597100c~mv2.jpg","assets/images/writings/aacaad_d4c7da1fd7144adca4b898c1b597100c~mv2.jpg"
"Poetry","2022-10-12T17:53:37.967Z","Gifted","gifted","https://www.catconnolly.com/post/gifted","https://www.catconnolly.com/writings/categories/poetry/page/2","https://static.wixstatic.com/media/aacaad_d38737f493da4dddb52bfdaa17360f92~mv2.png","assets/images/writings/aacaad_d38737f493da4dddb52bfdaa17360f92~mv2.png"
"Essays","2022-10-12T18:59:52.902Z","On Cats and the Queen","on-cats-and-the-queen","https://www.catconnolly.com/post/on-cats-and-the-queen","https://www.catconnolly.com/writings/categories/essays","https://static.wixstatic.com/media/aacaad_84ba2b5e2bc345098a915c44140a9a7e~mv2.jpg","assets/images/writings/aacaad_84ba2b5e2bc345098a915c44140a9a7e~mv2.jpg"
